,Start,End
0,2021-05-07 18:38:16.006858,2021-05-07 18:38:19.928197
1,2021-05-07 18:38:20.140858,2021-05-07 18:40:30.760095
2,2021-05-07 18:40:33.237443,2021-05-07 18:40:36.537877
3,2021-05-07 18:41:05.901259,2021-05-07 18:43:14.305080
4,2021-05-07 18:43:18.311310,2021-05-07 18:43:18.420606
5,2021-05-07 18:43:24.732353,2021-05-07 18:43:25.715227
6,2021-05-07 18:43:28.832960,2021-05-07 18:43:29.513961
7,2021-05-07 18:43:29.957960,2021-05-07 18:43:32.498183
8,2021-05-07 18:43:35.687597,2021-05-07 18:43:37.481218
9,2021-05-07 18:43:53.774964,2021-05-07 18:43:57.390160
10,2021-05-07 18:44:02.731936,2021-05-07 18:44:06.732737
11,2021-05-07 18:44:08.435595,2021-05-07 18:44:23.769487
12,2021-05-07 18:44:24.976821,2021-05-07 18:45:13.437332
13,2021-05-07 18:45:14.040622,2021-05-07 18:48:12.360320
